epoch,global_step,seq_len,task,component,r2,rmse,pearson_r,mae
5,73842,16,hi,HI_0,0.116632,0.002645,0.432332,
5,73842,16,hi,HI_1,-0.850246,0.004375,0.054156,
5,73842,16,hi,HI_2,-0.932042,0.005577,0.174185,
5,73842,16,hi,HI_3,0.403180,0.003228,0.733102,
5,73842,16,hi,HI_4,-0.337435,0.003386,0.706698,
5,73842,16,hi,HI_5,-3.830657,0.002942,0.241311,
5,73842,16,hi,HI_6,-0.276680,0.001051,0.113356,
5,73842,16,hi,HI_7,-0.874901,0.001385,-0.047545,
5,73842,16,hi,HI_8,0.150239,0.001128,0.412719,
5,73842,16,hi,HI_9,-1.470321,0.001748,0.153719,
5,73842,16,hi,MEAN,-0.790223,0.002746,0.297403,
5,73842,16,rul,steps-to-action,-0.083102,26.752153,0.025663,21.839718
9,123070,16,hi,HI_0,-0.120765,0.002979,0.334769,
9,123070,16,hi,HI_1,-1.299746,0.004878,-0.026785,
9,123070,16,hi,HI_2,-1.327061,0.006120,0.016388,
9,123070,16,hi,HI_3,-0.010357,0.004200,0.587882,
9,123070,16,hi,HI_4,-0.142388,0.003129,0.738019,
9,123070,16,hi,HI_5,-3.438497,0.002820,0.283280,
9,123070,16,hi,HI_6,-0.439313,0.001116,0.046350,
9,123070,16,hi,HI_7,-0.830247,0.001368,-0.153564,
9,123070,16,hi,HI_8,0.298832,0.001025,0.581355,
9,123070,16,hi,HI_9,-1.688963,0.001824,0.118367,
9,123070,16,hi,MEAN,-0.899850,0.002946,0.252606,
9,123070,16,rul,steps-to-action,-0.141763,27.467049,0.024386,22.208838
0,0,32,hi,HI_0,0.242225,0.002439,0.495484,
0,0,32,hi,HI_1,-0.398904,0.003794,0.187261,
0,0,32,hi,HI_2,-0.042358,0.004086,0.516090,
0,0,32,hi,HI_3,0.626996,0.002543,0.817233,
0,0,32,hi,HI_4,-0.063577,0.003016,0.205121,
0,0,32,hi,HI_5,-0.629802,0.001705,0.095637,
0,0,32,hi,HI_6,-0.188868,0.001013,0.090769,
0,0,32,hi,HI_7,-0.358063,0.001176,0.003089,
0,0,32,hi,HI_8,-0.258230,0.001368,-0.149026,
0,0,32,hi,HI_9,-1.261363,0.001665,0.265649,
0,0,32,hi,MEAN,-0.233194,0.002280,0.252731,
0,0,32,rul,steps-to-action,-0.152367,27.591372,-0.004437,22.250429
0,12293,32,hi,HI_0,-0.105580,0.002946,-0.076034,
0,12293,32,hi,HI_1,-0.608065,0.004068,0.417442,
0,12293,32,hi,HI_2,-0.993701,0.005651,-0.183878,
0,12293,32,hi,HI_3,-0.083174,0.004333,0.357633,
0,12293,32,hi,HI_4,0.028098,0.002883,0.739012,
0,12293,32,hi,HI_5,-2.474242,0.002489,0.390806,
0,12293,32,hi,HI_6,-0.160459,0.001001,0.118529,
0,12293,32,hi,HI_7,-0.718506,0.001323,-0.075896,
0,12293,32,hi,HI_8,0.200935,0.001090,0.476171,
0,12293,32,hi,HI_9,-1.700031,0.001819,-0.107692,
0,12293,32,hi,MEAN,-0.661472,0.002760,0.205609,
0,12293,32,rul,steps-to-action,-0.132991,27.358437,0.023328,22.118879
5,73758,32,hi,HI_0,-0.098755,0.002937,0.369516,
5,73758,32,hi,HI_1,-1.257066,0.004819,-0.167371,
5,73758,32,hi,HI_2,-1.439267,0.006250,0.039639,
5,73758,32,hi,HI_3,0.058870,0.004039,0.616876,
5,73758,32,hi,HI_4,-1.276217,0.004412,0.329658,
5,73758,32,hi,HI_5,-5.663438,0.003447,0.055177,
5,73758,32,hi,HI_6,-0.505133,0.001139,0.066529,
5,73758,32,hi,HI_7,-1.047101,0.001444,-0.104145,
5,73758,32,hi,HI_8,-0.209355,0.001341,0.068748,
5,73758,32,hi,HI_9,-1.800750,0.001853,0.084885,
5,73758,32,hi,MEAN,-1.323821,0.003168,0.135951,
5,73758,32,rul,steps-to-action,-0.219692,28.385925,0.003782,22.730297
9,122930,32,hi,HI_0,-0.043335,0.002862,0.328485,
9,122930,32,hi,HI_1,-1.111946,0.004661,-0.054708,
9,122930,32,hi,HI_2,-1.166584,0.005891,0.032800,
9,122930,32,hi,HI_3,0.046685,0.004065,0.607511,
9,122930,32,hi,HI_4,-0.191287,0.003192,0.548690,
9,122930,32,hi,HI_5,-3.496126,0.002831,0.073442,
9,122930,32,hi,HI_6,-0.430441,0.001111,-0.048655,
9,122930,32,hi,HI_7,-1.066415,0.001451,-0.067292,
9,122930,32,hi,HI_8,-0.042889,0.001245,0.195024,
9,122930,32,hi,HI_9,-1.572377,0.001776,0.153320,
9,122930,32,hi,MEAN,-0.907472,0.002908,0.176862,
9,122930,32,rul,steps-to-action,-0.152353,27.591206,-0.014832,22.274399
0,0,16,hi,HI_0,0.197543,0.002521,0.451758,
0,0,16,hi,HI_1,-0.619954,0.004094,0.116521,
0,0,16,hi,HI_2,-0.045302,0.004102,0.423414,
0,0,16,hi,HI_3,0.571288,0.002736,0.779590,
0,0,16,hi,HI_4,-0.051472,0.003002,0.303138,
0,0,16,hi,HI_5,-1.180738,0.001977,0.159820,
0,0,16,hi,HI_6,-0.423395,0.001110,0.072012,
0,0,16,hi,HI_7,-0.420651,0.001205,-0.029557,
0,0,16,hi,HI_8,-0.077716,0.001271,-0.023829,
0,0,16,hi,HI_9,-1.229483,0.001661,0.207639,
0,0,16,hi,MEAN,-0.327988,0.002368,0.246051,
0,0,16,rul,steps-to-action,-0.163502,27.727306,0.013041,22.337280
0,0,16,hi,HI_0,-0.040568,0.002871,0.046016,
0,0,16,hi,HI_1,-0.905828,0.004440,0.132238,
0,0,16,hi,HI_2,0.031460,0.003949,0.186087,
0,0,16,hi,HI_3,-0.041167,0.004264,0.305425,
0,0,16,hi,HI_4,0.012001,0.002910,0.346107,
0,0,16,hi,HI_5,-0.832978,0.001812,0.117090,
0,0,16,hi,HI_6,-0.331709,0.001074,0.001848,
0,0,16,hi,HI_7,-0.261545,0.001136,-0.032685,
0,0,16,hi,HI_8,-0.167281,0.001323,0.010740,
0,0,16,hi,HI_9,-1.433665,0.001735,0.058378,
0,0,16,hi,MEAN,-0.397128,0.002551,0.117124,
0,0,16,rul,steps-to-action,-0.154749,27.622808,0.016566,22.279076
0,0,16,hi,HI_0,0.243367,0.002448,0.509870,
0,0,16,hi,HI_1,-0.715539,0.004213,0.192279,
0,0,16,hi,HI_2,0.083770,0.003840,0.481667,
0,0,16,hi,HI_3,0.602126,0.002636,0.807922,
0,0,16,hi,HI_4,-0.189629,0.003193,0.128009,
0,0,16,hi,HI_5,-0.798292,0.001795,0.109140,
0,0,16,hi,HI_6,-0.402905,0.001102,0.089924,
0,0,16,hi,HI_7,-0.310381,0.001158,-0.004576,
0,0,16,hi,HI_8,-0.192947,0.001337,-0.128232,
0,0,16,hi,HI_9,-1.520319,0.001766,0.245416,
0,0,16,hi,MEAN,-0.320075,0.002349,0.243142,
0,0,16,rul,steps-to-action,-0.156051,27.638378,nan,22.287725
0,12240,16,hi,HI_0,0.114813,0.002648,0.455996,
0,12240,16,hi,HI_1,-1.061978,0.004619,0.045965,
0,12240,16,hi,HI_2,-1.175985,0.005918,0.195874,
0,12240,16,hi,HI_3,0.361130,0.003340,0.755054,
0,12240,16,hi,HI_4,0.106123,0.002768,0.627044,
0,12240,16,hi,HI_5,-2.760447,0.002596,0.287841,
0,12240,16,hi,HI_6,-0.405117,0.001103,0.083454,
0,12240,16,hi,HI_7,-0.563834,0.001265,-0.094469,
0,12240,16,hi,HI_8,-0.012591,0.001232,0.226255,
0,12240,16,hi,HI_9,-1.600101,0.001794,0.174024,
0,12240,16,hi,MEAN,-0.699799,0.002728,0.275704,
0,12240,16,rul,steps-to-action,-0.161254,27.700506,0.032669,22.317598
5,73440,16,hi,HI_0,-0.345546,0.003264,0.196775,
5,73440,16,hi,HI_1,-0.657401,0.004141,0.221118,
5,73440,16,hi,HI_2,-0.892904,0.005520,-0.170307,
5,73440,16,hi,HI_3,-0.272120,0.004713,0.341655,
5,73440,16,hi,HI_4,-1.475879,0.004606,0.433907,
5,73440,16,hi,HI_5,-6.852551,0.003751,0.094958,
5,73440,16,hi,HI_6,-0.343455,0.001078,0.016582,
5,73440,16,hi,HI_7,-1.096589,0.001464,-0.150090,
5,73440,16,hi,HI_8,-0.287452,0.001389,0.227565,
5,73440,16,hi,HI_9,-1.246246,0.001667,0.011308,
5,73440,16,hi,MEAN,-1.347014,0.003159,0.122347,
5,73440,16,rul,steps-to-action,-0.193622,28.083906,-0.001642,22.542698
9,122400,16,hi,HI_0,-0.148418,0.003016,0.356047,
9,122400,16,hi,HI_1,-1.225808,0.004799,0.160722,
9,122400,16,hi,HI_2,-1.331658,0.006126,0.019593,
9,122400,16,hi,HI_3,0.005111,0.004168,0.635080,
9,122400,16,hi,HI_4,-0.792723,0.003920,0.697561,
9,122400,16,hi,HI_5,-7.235057,0.003841,0.076772,
9,122400,16,hi,HI_6,-0.429557,0.001112,0.039103,
9,122400,16,hi,HI_7,-1.147555,0.001482,-0.150106,
9,122400,16,hi,HI_8,0.295958,0.001027,0.551520,
9,122400,16,hi,HI_9,-1.829086,0.001871,0.127046,
9,122400,16,hi,MEAN,-1.383879,0.003136,0.251334,
9,122400,16,rul,steps-to-action,-0.152876,27.600395,0.002808,22.268051
5,73884,8,hi,HI_0,0.230487,0.002462,0.500181,
5,73884,8,hi,HI_1,0.146639,0.003297,0.393088,
5,73884,8,hi,HI_2,0.070745,0.003627,0.410232,
5,73884,8,hi,HI_3,0.525307,0.002509,0.739973,
5,73884,8,hi,HI_4,0.070722,0.003998,0.494866,
5,73884,8,hi,HI_5,0.036094,0.003630,0.508287,
5,73884,8,hi,HI_6,0.431192,0.002984,0.770286,
5,73884,8,hi,HI_7,0.340128,0.002425,0.637406,
5,73884,8,hi,HI_8,0.383986,0.002648,0.718794,
5,73884,8,hi,HI_9,0.200441,0.002348,0.564365,
5,73884,8,hi,MEAN,0.243574,0.002993,0.573748,
5,73884,8,rul,steps-to-action,-0.192033,34.080391,0.032455,26.918715
